<?xml version="1.0" encoding="UTF-8"?>

<channel name="xfce4-power-manager" version="1.0">
  <property name="xfce4-power-manager" type="empty">
    <property name="power-button-action" type="uint" value="4"/>
    <property name="brightness-switch-restore-on-exit" type="int" value="1"/>
    <property name="brightness-switch" type="int" value="0"/>
    <property name="show-tray-icon" type="bool" value="false"/>
    <property name="dpms-enabled" type="bool" value="true"/>
    <property name="dpms-on-ac-sleep" type="uint" value="0"/>
    <property name="blank-on-ac" type="int" value="0"/>
    <property name="dpms-on-ac-off" type="uint" value="0"/>
    <property name="brightness-level-on-ac" type="uint" value="100"/>
    <property name="lock-screen-suspend-hibernate" type="bool" value="false"/>
    <property name="logind-handle-lid-switch" type="bool" value="false"/>
  </property>
</channel>
