<?xml version="1.0" encoding="UTF-8"?>

<channel name="displays" version="1.0">
  <property name="ActiveProfile" type="string" value="Default"/>
  <property name="Default" type="empty">
    <property name="HDMI1" type="string" value="LG 22&quot;">
      <property name="Active" type="bool" value="true"/>
      <property name="EDID" type="string" value="3afba5a78f0e6881060cd95f087c614ce5845d7f"/>
      <property name="Resolution" type="string" value="1920x1080"/>
      <property name="RefreshRate" type="double" value="74.972503000000003"/>
      <property name="Rotation" type="int" value="0"/>
      <property name="Reflection" type="string" value="0"/>
      <property name="Primary" type="bool" value="false"/>
      <property name="Scale" type="empty">
        <property name="X" type="double" value="1"/>
        <property name="Y" type="double" value="1"/>
      </property>
      <property name="Position" type="empty">
        <property name="X" type="int" value="0"/>
        <property name="Y" type="int" value="0"/>
      </property>
    </property>
    <property name="DP1" type="string" value="Dell 22&quot;">
      <property name="Active" type="bool" value="true"/>
      <property name="EDID" type="string" value="004475cf6f334c99fab3269a4ec91d530f54ca30"/>
      <property name="Resolution" type="string" value="1920x1080"/>
      <property name="RefreshRate" type="double" value="60"/>
      <property name="Rotation" type="int" value="0"/>
      <property name="Reflection" type="string" value="0"/>
      <property name="Primary" type="bool" value="false"/>
      <property name="Scale" type="empty">
        <property name="X" type="double" value="1"/>
        <property name="Y" type="double" value="1"/>
      </property>
      <property name="Position" type="empty">
        <property name="X" type="int" value="0"/>
        <property name="Y" type="int" value="0"/>
      </property>
    </property>
  </property>
  <property name="Fallback" type="empty">
    <property name="HDMI1" type="string" value="LG 22&quot;">
      <property name="Active" type="bool" value="true"/>
      <property name="EDID" type="string" value="3afba5a78f0e6881060cd95f087c614ce5845d7f"/>
      <property name="Resolution" type="string" value="1920x1080"/>
      <property name="RefreshRate" type="double" value="74.972503000000003"/>
      <property name="Rotation" type="int" value="0"/>
      <property name="Reflection" type="string" value="0"/>
      <property name="Primary" type="bool" value="false"/>
      <property name="Scale" type="empty">
        <property name="X" type="double" value="1"/>
        <property name="Y" type="double" value="1"/>
      </property>
      <property name="Position" type="empty">
        <property name="X" type="int" value="0"/>
        <property name="Y" type="int" value="0"/>
      </property>
    </property>
    <property name="DP1" type="string" value="Dell 22&quot;">
      <property name="Active" type="bool" value="true"/>
      <property name="EDID" type="string" value="004475cf6f334c99fab3269a4ec91d530f54ca30"/>
      <property name="Resolution" type="string" value="1920x1080"/>
      <property name="RefreshRate" type="double" value="60"/>
      <property name="Rotation" type="int" value="0"/>
      <property name="Reflection" type="string" value="0"/>
      <property name="Primary" type="bool" value="false"/>
      <property name="Scale" type="empty">
        <property name="X" type="double" value="1"/>
        <property name="Y" type="double" value="1"/>
      </property>
      <property name="Position" type="empty">
        <property name="X" type="int" value="0"/>
        <property name="Y" type="int" value="0"/>
      </property>
    </property>
  </property>
  <property name="Notify" type="int" value="0"/>
  <property name="4bed336194a9a5c86b6a734f03b3570d2aae1a68" type="string" value="Output">
    <property name="HDMI1" type="string" value="LG 22&quot;">
      <property name="Active" type="bool" value="true"/>
      <property name="EDID" type="string" value="3afba5a78f0e6881060cd95f087c614ce5845d7f"/>
      <property name="Resolution" type="string" value="1920x1080"/>
      <property name="RefreshRate" type="double" value="74.972503000000003"/>
      <property name="Rotation" type="int" value="0"/>
      <property name="Reflection" type="string" value="0"/>
      <property name="Primary" type="bool" value="false"/>
      <property name="Scale" type="empty">
        <property name="X" type="double" value="1"/>
        <property name="Y" type="double" value="1"/>
      </property>
      <property name="Position" type="empty">
        <property name="X" type="int" value="0"/>
        <property name="Y" type="int" value="0"/>
      </property>
    </property>
  </property>
</channel>
