<?xml version="1.0" encoding="UTF-8"?>

<channel name="xfce4-desktop" version="1.0">
  <property name="backdrop" type="empty">
    <property name="screen0" type="empty">
      <property name="monitor0" type="empty">
        <property name="brightness" type="empty"/>
        <property name="color1" type="empty"/>
        <property name="color2" type="empty"/>
        <property name="color-style" type="empty"/>
        <property name="image-path" type="empty"/>
        <property name="image-show" type="empty"/>
        <property name="last-image" type="empty"/>
        <property name="last-single-image" type="empty"/>
        <property name="workspace0" type="empty">
          <property name="color-style" type="int" value="1"/>
          <property name="image-style" type="int" value="5"/>
          <property name="last-image" type="string" value="/usr/share/images/desktop-base/default"/>
        </property>
        <property name="workspace1" type="empty">
          <property name="color-style" type="int" value="1"/>
          <property name="image-style" type="int" value="5"/>
          <property name="last-image" type="string" value="/usr/share/images/desktop-base/default"/>
        </property>
        <property name="workspace2" type="empty">
          <property name="color-style" type="int" value="1"/>
          <property name="image-style" type="int" value="5"/>
          <property name="last-image" type="string" value="/usr/share/images/desktop-base/default"/>
        </property>
        <property name="workspace3" type="empty">
          <property name="color-style" type="int" value="1"/>
          <property name="image-style" type="int" value="5"/>
          <property name="last-image" type="string" value="/usr/share/images/desktop-base/default"/>
        </property>
      </property>
      <property name="monitor1" type="empty">
        <property name="brightness" type="empty"/>
        <property name="color1" type="empty"/>
        <property name="color2" type="empty"/>
        <property name="color-style" type="empty"/>
        <property name="image-path" type="empty"/>
        <property name="image-show" type="empty"/>
        <property name="last-image" type="empty"/>
        <property name="last-single-image" type="empty"/>
      </property>
      <property name="monitorHDMI1" type="empty">
        <property name="workspace0" type="empty">
          <property name="color-style" type="int" value="1"/>
          <property name="image-style" type="int" value="0"/>
          <property name="last-image" type="string" value="/usr/share/images/desktop-base/default"/>
        </property>
        <property name="workspace1" type="empty">
          <property name="color-style" type="int" value="1"/>
          <property name="image-style" type="int" value="5"/>
          <property name="last-image" type="string" value="/usr/share/images/desktop-base/default"/>
        </property>
        <property name="workspace2" type="empty">
          <property name="color-style" type="int" value="1"/>
          <property name="image-style" type="int" value="5"/>
          <property name="last-image" type="string" value="/usr/share/images/desktop-base/default"/>
        </property>
        <property name="workspace3" type="empty">
          <property name="color-style" type="int" value="1"/>
          <property name="image-style" type="int" value="5"/>
          <property name="last-image" type="string" value="/usr/share/images/desktop-base/default"/>
        </property>
      </property>
      <property name="monitorDP1" type="empty">
        <property name="workspace0" type="empty">
          <property name="color-style" type="int" value="2"/>
          <property name="image-style" type="int" value="0"/>
          <property name="last-image" type="string" value="/usr/share/images/desktop-base/default"/>
          <property name="rgba1" type="array">
            <value type="double" value="0.20784313725490197"/>
            <value type="double" value="0.51764705882352946"/>
            <value type="double" value="0.89411764705882357"/>
            <value type="double" value="1"/>
          </property>
          <property name="rgba2" type="array">
            <value type="double" value="0"/>
            <value type="double" value="0.28235294117647036"/>
            <value type="double" value="0.51764705882352946"/>
            <value type="double" value="1"/>
          </property>
        </property>
        <property name="workspace1" type="empty">
          <property name="color-style" type="int" value="1"/>
          <property name="image-style" type="int" value="5"/>
          <property name="last-image" type="string" value="/usr/share/images/desktop-base/default"/>
        </property>
        <property name="workspace2" type="empty">
          <property name="color-style" type="int" value="1"/>
          <property name="image-style" type="int" value="5"/>
          <property name="last-image" type="string" value="/usr/share/images/desktop-base/default"/>
        </property>
        <property name="workspace3" type="empty">
          <property name="color-style" type="int" value="1"/>
          <property name="image-style" type="int" value="5"/>
          <property name="last-image" type="string" value="/usr/share/images/desktop-base/default"/>
        </property>
      </property>
    </property>
  </property>
  <property name="desktop-icons" type="empty">
    <property name="file-icons" type="empty">
      <property name="show-trash" type="bool" value="false"/>
      <property name="show-filesystem" type="bool" value="false"/>
      <property name="show-home" type="bool" value="false"/>
      <property name="show-removable" type="bool" value="false"/>
    </property>
    <property name="show-thumbnails" type="bool" value="false"/>
    <property name="show-tooltips" type="bool" value="false"/>
    <property name="style" type="int" value="0"/>
  </property>
  <property name="last" type="empty">
    <property name="window-width" type="int" value="706"/>
    <property name="window-height" type="int" value="558"/>
  </property>
  <property name="desktop-menu" type="empty">
    <property name="show" type="bool" value="false"/>
    <property name="show-delete" type="bool" value="false"/>
  </property>
  <property name="windowlist-menu" type="empty">
    <property name="show" type="bool" value="false"/>
  </property>
</channel>
